AGS;Gemeinde;Regierungsbezirk;Landkreis
09161000;Ingolstadt;Oberbayern;Stadt Ingolstadt
09171112;Burghausen;Oberbayern;Altötting
09171113;Burgkirchen a.d. Alz;Oberbayern;Altötting
09171114;Emmerting;Oberbayern;Altötting
09171115;Erlbach;Oberbayern;Altötting
09171124;Mehring;Oberbayern;Altötting
09171126;Perach;Oberbayern;Altötting
09171131;Teising;Oberbayern;Altötting
09171137;Winhöring;Oberbayern;Altötting
09172111;Ainring;Oberbayern;Berchtesgadener Land
09172116;Berchtesgaden;Oberbayern;Berchtesgadener Land
09172117;Bischofswiesen;Oberbayern;Berchtesgadener Land
09172118;Freilassing;Oberbayern;Berchtesgadener Land
09172122;Laufen;Oberbayern;Berchtesgadener Land
09172128;Piding;Oberbayern;Berchtesgadener Land
09172130;Saaldorf-Surheim;Oberbayern;Berchtesgadener Land
09172131;Schneizlreuth;Oberbayern;Berchtesgadener Land
09172132;Schönau a. Königssee;Oberbayern;Berchtesgadener Land
09172134;Teisendorf;Oberbayern;Berchtesgadener Land
09173118;Dietramszell;Oberbayern;Bad Tölz-Wolfratshausen
09173120;Egling;Oberbayern;Bad Tölz-Wolfratshausen
09173124;Gaißach;Oberbayern;Bad Tölz-Wolfratshausen
09173127;Greiling;Oberbayern;Bad Tölz-Wolfratshausen
09173137;Münsing;Oberbayern;Bad Tölz-Wolfratshausen
09173140;Reichersbeuern;Oberbayern;Bad Tölz-Wolfratshausen
09173141;Sachsenkam;Oberbayern;Bad Tölz-Wolfratshausen
09173142;Schlehdorf;Oberbayern;Bad Tölz-Wolfratshausen
09173145;Wackersberg;Oberbayern;Bad Tölz-Wolfratshausen
09174113;Bergkirchen;Oberbayern;Dachau
09174118;Erdweg;Oberbayern;Dachau
09174121;Haimhausen;Oberbayern;Dachau
09174122;Hebertshausen;Oberbayern;Dachau
09174135;Odelzhausen;Oberbayern;Dachau
09174137;Pfaffenhofen a.d. Glonn;Oberbayern;Dachau
09174141;Röhrmoos;Oberbayern;Dachau
09174143;Schwabhausen;Oberbayern;Dachau
09174146;Sulzemoos;Oberbayern;Dachau
09174147;Hilgertshausen-Tandern;Oberbayern;Dachau
09174150;Vierkirchen;Oberbayern;Dachau
09174151;Weichs;Oberbayern;Dachau
09175113;Baiern;Oberbayern;Ebersberg
09175114;Bruck;Oberbayern;Ebersberg
09175115;Ebersberg;Oberbayern;Ebersberg
09175122;Grafing b. München;Oberbayern;Ebersberg
09175123;Hohenlinden;Oberbayern;Ebersberg
09175124;Kirchseeon;Oberbayern;Ebersberg
09175128;Moosach;Oberbayern;Ebersberg
09175132;Vaterstetten;Oberbayern;Ebersberg
09175133;Pliening;Oberbayern;Ebersberg
09175136;Emmering;Oberbayern;Ebersberg
09176111;Adelschlag;Oberbayern;Eichstätt
09176112;Altmannstein;Oberbayern;Eichstätt
09176114;Beilngries;Oberbayern;Eichstätt
09176121;Dollnstein;Oberbayern;Eichstätt
09176123;Eichstätt;Oberbayern;Eichstätt
09176126;Gaimersheim;Oberbayern;Eichstätt
09176129;Großmehring;Oberbayern;Eichstätt
09176131;Hepberg;Oberbayern;Eichstätt
09176132;Hitzhofen;Oberbayern;Eichstätt
09176137;Kinding;Oberbayern;Eichstätt
09176138;Kipfenberg;Oberbayern;Eichstätt
09176139;Kösching;Oberbayern;Eichstätt
09176147;Mindelstetten;Oberbayern;Eichstätt
09176148;Mörnsheim;Oberbayern;Eichstätt
09176153;Pförring;Oberbayern;Eichstätt
09176155;Pollenfeld;Oberbayern;Eichstätt
09176160;Schernfeld;Oberbayern;Eichstätt
09176165;Walting;Oberbayern;Eichstätt
09176166;Wellheim;Oberbayern;Eichstätt
09177112;Berglern;Oberbayern;Erding
09177114;Buch a. Buchrain;Oberbayern;Erding
09177117;Erding;Oberbayern;Erding
09177120;Fraunberg;Oberbayern;Erding
09177121;Hohenpolding;Oberbayern;Erding
09177126;Langenpreising;Oberbayern;Erding
09177127;Lengdorf;Oberbayern;Erding
09177130;Moosinning;Oberbayern;Erding
09177131;Neuching;Oberbayern;Erding
09177133;Oberding;Oberbayern;Erding
09177135;Pastetten;Oberbayern;Erding
09177137;Sankt Wolfgang;Oberbayern;Erding
09177139;Taufkirchen (Vils);Oberbayern;Erding
09178113;Allershausen;Oberbayern;Freising
09178115;Attenkirchen;Oberbayern;Freising
09178116;Au i.d. Hallertau;Oberbayern;Freising
09178123;Fahrenzhausen;Oberbayern;Freising
09178124;Freising;Oberbayern;Freising
09178129;Haag a.d. Amper;Oberbayern;Freising
09178130;Hallbergmoos;Oberbayern;Freising
09178132;Hörgertshausen;Oberbayern;Freising
09178136;Kirchdorf a.d. Amper;Oberbayern;Freising
09178137;Kranzberg;Oberbayern;Freising
09178138;Langenbach;Oberbayern;Freising
09178140;Marzling;Oberbayern;Freising
09178143;Moosburg a.d. Isar;Oberbayern;Freising
09178150;Paunzhausen;Oberbayern;Freising
09178155;Wang;Oberbayern;Freising
09178156;Wolfersdorf;Oberbayern;Freising
09178157;Zolling;Oberbayern;Freising
09179111;Adelshofen;Oberbayern;Fürstenfeldbruck
09179113;Alling;Oberbayern;Fürstenfeldbruck
09179117;Egenhofen;Oberbayern;Fürstenfeldbruck
09179121;Fürstenfeldbruck;Oberbayern;Fürstenfeldbruck
09179128;Hattenhofen;Oberbayern;Fürstenfeldbruck
09179130;Jesenwang;Oberbayern;Fürstenfeldbruck
09179132;Landsberied;Oberbayern;Fürstenfeldbruck
09179134;Maisach;Oberbayern;Fürstenfeldbruck
09179136;Mammendorf;Oberbayern;Fürstenfeldbruck
09179137;Mittelstetten;Oberbayern;Fürstenfeldbruck
09179138;Moorenweis;Oberbayern;Fürstenfeldbruck
09179140;Oberschweinbach;Oberbayern;Fürstenfeldbruck
09179147;Schöngeising;Oberbayern;Fürstenfeldbruck
09180113;Bad Bayersoien;Oberbayern;Garmisch-Partenkirchen
09180117;Garmisch-Partenkirchen;Oberbayern;Garmisch-Partenkirchen
09180122;Krün;Oberbayern;Garmisch-Partenkirchen
09180124;Murnau a. Staffelsee;Oberbayern;Garmisch-Partenkirchen
09180129;Saulgrub;Oberbayern;Garmisch-Partenkirchen
09180131;Schwaigen;Oberbayern;Garmisch-Partenkirchen
09180135;Unterammergau;Oberbayern;Garmisch-Partenkirchen
09180136;Wallgau;Oberbayern;Garmisch-Partenkirchen
09181111;Apfeldorf;Oberbayern;Landsberg am Lech
09181113;Denklingen;Oberbayern;Landsberg am Lech
09181114;Dießen a. Ammersee;Oberbayern;Landsberg am Lech
09181115;Eching a. Ammersee;Oberbayern;Landsberg am Lech
09181118;Eresing;Oberbayern;Landsberg am Lech
09181121;Fuchstal;Oberbayern;Landsberg am Lech
09181122;Geltendorf;Oberbayern;Landsberg am Lech
09181123;Greifenberg;Oberbayern;Landsberg am Lech
09181124;Hofstetten;Oberbayern;Landsberg am Lech
09181126;Hurlach;Oberbayern;Landsberg am Lech
09181127;Igling;Oberbayern;Landsberg am Lech
09181130;Landsberg am Lech;Oberbayern;Landsberg am Lech
09181131;Obermeitingen;Oberbayern;Landsberg am Lech
09181132;Penzing;Oberbayern;Landsberg am Lech
09181133;Vilgertshofen;Oberbayern;Landsberg am Lech
09181134;Prittriching;Oberbayern;Landsberg am Lech
09181135;Reichling;Oberbayern;Landsberg am Lech
09181138;Scheuring;Oberbayern;Landsberg am Lech
09181140;Schwifting;Oberbayern;Landsberg am Lech
09181141;Pürgen;Oberbayern;Landsberg am Lech
09181142;Thaining;Oberbayern;Landsberg am Lech
09181143;Unterdießen;Oberbayern;Landsberg am Lech
09181145;Weil;Oberbayern;Landsberg am Lech
09181146;Windach;Oberbayern;Landsberg am Lech
09182114;Fischbachau;Oberbayern;Miesbach
09182116;Gmund a. Tegernsee;Oberbayern;Miesbach
09182127;Otterfing;Oberbayern;Miesbach
09182133;Valley;Oberbayern;Miesbach
09182136;Warngau;Oberbayern;Miesbach
09182137;Weyarn;Oberbayern;Miesbach
09183112;Ampfing;Oberbayern;Mühldorf a.Inn
09183113;Aschau a. Inn;Oberbayern;Mühldorf a.Inn
09183114;Buchbach;Oberbayern;Mühldorf a.Inn
09183115;Egglkofen;Oberbayern;Mühldorf a.Inn
09183116;Erharting;Oberbayern;Mühldorf a.Inn
09183118;Gars a. Inn;Oberbayern;Mühldorf a.Inn
09183119;Haag i. OB;Oberbayern;Mühldorf a.Inn
09183120;Heldenstein;Oberbayern;Mühldorf a.Inn
09183125;Lohkirchen;Oberbayern;Mühldorf a.Inn
09183126;Maitenbeth;Oberbayern;Mühldorf a.Inn
09183127;Mettenheim;Oberbayern;Mühldorf a.Inn
09183128;Mühldorf a. Inn;Oberbayern;Mühldorf a.Inn
09183132;Oberbergkirchen;Oberbayern;Mühldorf a.Inn
09183135;Obertaufkirchen;Oberbayern;Mühldorf a.Inn
09183136;Polling;Oberbayern;Mühldorf a.Inn
09183139;Rechtmehring;Oberbayern;Mühldorf a.Inn
09183140;Reichertsheim;Oberbayern;Mühldorf a.Inn
09183151;Zangberg;Oberbayern;Mühldorf a.Inn
09184129;Hohenbrunn;Oberbayern;München
09184130;Ismaning;Oberbayern;München
09184134;Oberhaching;Oberbayern;München
09184137;Aying;Oberbayern;München
09184138;Planegg;Oberbayern;München
09184141;Sauerlach;Oberbayern;München
09184144;Straßlach-Dingharting;Oberbayern;München
09185113;Aresing;Oberbayern;Neuburg-Schrobenhausen
09185116;Berg im Gau;Oberbayern;Neuburg-Schrobenhausen
09185118;Bergheim;Oberbayern;Neuburg-Schrobenhausen
09185125;Burgheim;Oberbayern;Neuburg-Schrobenhausen
09185127;Ehekirchen;Oberbayern;Neuburg-Schrobenhausen
09185131;Gachenbach;Oberbayern;Neuburg-Schrobenhausen
09185143;Langenmosen;Oberbayern;Neuburg-Schrobenhausen
09185149;Neuburg a.d. Donau;Oberbayern;Neuburg-Schrobenhausen
09185153;Rennertshofen;Oberbayern;Neuburg-Schrobenhausen
09185157;Rohrenfels;Oberbayern;Neuburg-Schrobenhausen
09185158;Schrobenhausen;Oberbayern;Neuburg-Schrobenhausen
09185163;Königsmoos;Oberbayern;Neuburg-Schrobenhausen
09185166;Waidhofen;Oberbayern;Neuburg-Schrobenhausen
09185168;Weichering;Oberbayern;Neuburg-Schrobenhausen
09186113;Baar-Ebenhausen;Oberbayern;Pfaffenhofen a.d.Ilm
09186116;Ernsgaden;Oberbayern;Pfaffenhofen a.d.Ilm
09186122;Geisenfeld;Oberbayern;Pfaffenhofen a.d.Ilm
09186125;Gerolsbach;Oberbayern;Pfaffenhofen a.d.Ilm
09186126;Hettenshausen;Oberbayern;Pfaffenhofen a.d.Ilm
09186128;Hohenwart;Oberbayern;Pfaffenhofen a.d.Ilm
09186130;Ilmmünster;Oberbayern;Pfaffenhofen a.d.Ilm
09186132;Jetzendorf;Oberbayern;Pfaffenhofen a.d.Ilm
09186137;Manching;Oberbayern;Pfaffenhofen a.d.Ilm
09186139;Münchsmünster;Oberbayern;Pfaffenhofen a.d.Ilm
09186143;Pfaffenhofen a.d. Ilm;Oberbayern;Pfaffenhofen a.d.Ilm
09186144;Pörnbach;Oberbayern;Pfaffenhofen a.d.Ilm
09186146;Reichertshausen;Oberbayern;Pfaffenhofen a.d.Ilm
09186147;Reichertshofen;Oberbayern;Pfaffenhofen a.d.Ilm
09186149;Rohrbach;Oberbayern;Pfaffenhofen a.d.Ilm
09186151;Scheyern;Oberbayern;Pfaffenhofen a.d.Ilm
09186152;Schweitenkirchen;Oberbayern;Pfaffenhofen a.d.Ilm
09186158;Vohburg a.d. Donau;Oberbayern;Pfaffenhofen a.d.Ilm
09186162;Wolnzach;Oberbayern;Pfaffenhofen a.d.Ilm
09187113;Amerang;Oberbayern;Rosenheim
09187117;Bad Aibling;Oberbayern;Rosenheim
09187118;Bernau a. Chiemsee;Oberbayern;Rosenheim
09187122;Bruckmühl;Oberbayern;Rosenheim
09187126;Eiselfing;Oberbayern;Rosenheim
09187129;Bad Feilnbach;Oberbayern;Rosenheim
09187132;Frasdorf;Oberbayern;Rosenheim
09187137;Großkarolinenfeld;Oberbayern;Rosenheim
09187138;Gstadt a. Chiemsee;Oberbayern;Rosenheim
09187142;Schechen;Oberbayern;Rosenheim
09187145;Höslwang;Oberbayern;Rosenheim
09187154;Neubeuern;Oberbayern;Rosenheim
09187156;Nußdorf a. Inn;Oberbayern;Rosenheim
09187159;Pfaffing;Oberbayern;Rosenheim
09187164;Ramerberg;Oberbayern;Rosenheim
09187165;Raubling;Oberbayern;Rosenheim
09187167;Riedering;Oberbayern;Rosenheim
09187169;Rohrdorf;Oberbayern;Rosenheim
09187172;Samerberg;Oberbayern;Rosenheim
09187173;Schonstett;Oberbayern;Rosenheim
09187176;Soyen;Oberbayern;Rosenheim
09187177;Stephanskirchen;Oberbayern;Rosenheim
09187179;Tuntenhausen;Oberbayern;Rosenheim
09187181;Vogtareuth;Oberbayern;Rosenheim
09188113;Berg;Oberbayern;Starnberg
09188117;Andechs;Oberbayern;Starnberg
09188118;Feldafing;Oberbayern;Starnberg
09188121;Gilching;Oberbayern;Starnberg
09188124;Herrsching a. Ammersee;Oberbayern;Starnberg
09188126;Inning a. Ammersee;Oberbayern;Starnberg
09188127;Krailling;Oberbayern;Starnberg
09188132;Seefeld;Oberbayern;Starnberg
09188137;Pöcking;Oberbayern;Starnberg
09188139;Starnberg;Oberbayern;Starnberg
09188141;Tutzing;Oberbayern;Starnberg
09188144;Weßling;Oberbayern;Starnberg
09188145;Wörthsee;Oberbayern;Starnberg
09189111;Altenmarkt a.d. Alz;Oberbayern;Traunstein
09189113;Bergen;Oberbayern;Traunstein
09189114;Chieming;Oberbayern;Traunstein
09189115;Engelsberg;Oberbayern;Traunstein
09189118;Fridolfing;Oberbayern;Traunstein
09189119;Grabenstätt;Oberbayern;Traunstein
09189120;Grassau;Oberbayern;Traunstein
09189126;Kienberg;Oberbayern;Traunstein
09189127;Kirchanschöring;Oberbayern;Traunstein
09189130;Nußdorf;Oberbayern;Traunstein
09189133;Obing;Oberbayern;Traunstein
09189137;Pittenhart;Oberbayern;Traunstein
09189142;Schnaitsee;Oberbayern;Traunstein
09189143;Seeon-Seebruck;Oberbayern;Traunstein
09189145;Siegsdorf;Oberbayern;Traunstein
09189148;Surberg;Oberbayern;Traunstein
09189149;Tacherting;Oberbayern;Traunstein
09189150;Taching a. See;Oberbayern;Traunstein
09189152;Tittmoning;Oberbayern;Traunstein
09189154;Traunreut;Oberbayern;Traunstein
09189155;Traunstein;Oberbayern;Traunstein
09189157;Trostberg;Oberbayern;Traunstein
09189161;Vachendorf;Oberbayern;Traunstein
09189162;Waging a. See;Oberbayern;Traunstein
09189165;Wonneberg;Oberbayern;Traunstein
09190111;Altenstadt;Oberbayern;Weilheim-Schongau
09190113;Antdorf;Oberbayern;Weilheim-Schongau
09190114;Bernbeuren;Oberbayern;Weilheim-Schongau
09190117;Böbing;Oberbayern;Weilheim-Schongau
09190118;Burggen;Oberbayern;Weilheim-Schongau
09190120;Eberfing;Oberbayern;Weilheim-Schongau
09190121;Eglfing;Oberbayern;Weilheim-Schongau
09190126;Habach;Oberbayern;Weilheim-Schongau
09190129;Hohenfurch;Oberbayern;Weilheim-Schongau
09190133;Ingenried;Oberbayern;Weilheim-Schongau
09190141;Penzberg;Oberbayern;Weilheim-Schongau
09190143;Prem;Oberbayern;Weilheim-Schongau
09190144;Raisting;Oberbayern;Weilheim-Schongau
09190148;Schongau;Oberbayern;Weilheim-Schongau
09190153;Sindelsdorf;Oberbayern;Weilheim-Schongau
09190157;Weilheim i. OB;Oberbayern;Weilheim-Schongau
09190159;Wielenbach;Oberbayern;Weilheim-Schongau
09190160;Wildsteig;Oberbayern;Weilheim-Schongau
09261000;Landshut;Niederbayern;Stadt Landshut
09263000;Straubing;Niederbayern;Stadt Straubing
09271111;Aholming;Niederbayern;Deggendorf
09271113;Auerbach;Niederbayern;Deggendorf
09271118;Buchhofen;Niederbayern;Deggendorf
09271119;Deggendorf;Niederbayern;Deggendorf
09271123;Grattersdorf;Niederbayern;Deggendorf
09271125;Hengersberg;Niederbayern;Deggendorf
09271132;Metten;Niederbayern;Deggendorf
09271135;Moos;Niederbayern;Deggendorf
09271138;Niederalteich;Niederbayern;Deggendorf
09271141;Osterhofen;Niederbayern;Deggendorf
09271143;Otzing;Niederbayern;Deggendorf
09271148;Schaufling;Niederbayern;Deggendorf
09272119;Fürsteneck;Niederbayern;Freyung-Grafenau
09272120;Grafenau;Niederbayern;Freyung-Grafenau
09272121;Grainet;Niederbayern;Freyung-Grafenau
09272122;Haidmühle;Niederbayern;Freyung-Grafenau
09272126;Hinterschmiding;Niederbayern;Freyung-Grafenau
09272127;Hohenau;Niederbayern;Freyung-Grafenau
09272129;Jandelsbrunn;Niederbayern;Freyung-Grafenau
09272134;Mauth;Niederbayern;Freyung-Grafenau
09272138;Perlesreut;Niederbayern;Freyung-Grafenau
09272139;Philippsreut;Niederbayern;Freyung-Grafenau
09272141;Röhrnbach;Niederbayern;Freyung-Grafenau
09272143;Sankt Oswald-Riedlhütte;Niederbayern;Freyung-Grafenau
09272146;Neuschönau;Niederbayern;Freyung-Grafenau
09272147;Schönberg;Niederbayern;Freyung-Grafenau
09272150;Thurmansbang;Niederbayern;Freyung-Grafenau
09272151;Waldkirchen;Niederbayern;Freyung-Grafenau
09273111;Abensberg;Niederbayern;Kelheim
09273113;Aiglsbach;Niederbayern;Kelheim
09273115;Attenhofen;Niederbayern;Kelheim
09273116;Bad Abbach;Niederbayern;Kelheim
09273119;Biburg;Niederbayern;Kelheim
09273125;Hausen;Niederbayern;Kelheim
09273127;Herrngiersdorf;Niederbayern;Kelheim
09273133;Ihrlerstein;Niederbayern;Kelheim
09273137;Kelheim;Niederbayern;Kelheim
09273139;Kirchdorf;Niederbayern;Kelheim
09273152;Neustadt a.d. Donau;Niederbayern;Kelheim
09273164;Riedenburg;Niederbayern;Kelheim
09273166;Saal a.d. Donau;Niederbayern;Kelheim
09273175;Teugn;Niederbayern;Kelheim
09273177;Train;Niederbayern;Kelheim
09273181;Wildenberg;Niederbayern;Kelheim
09274120;Bodenkirchen;Niederbayern;Landshut
09274121;Buch a. Erlbach;Niederbayern;Landshut
09274124;Eching;Niederbayern;Landshut
09274126;Ergolding;Niederbayern;Landshut
09274127;Ergoldsbach;Niederbayern;Landshut
09274141;Hohenthann;Niederbayern;Landshut
09274145;Kröning;Niederbayern;Landshut
09274154;Neufraunhofen;Niederbayern;Landshut
09274156;Niederaichbach;Niederbayern;Landshut
09274165;Obersüßbach;Niederbayern;Landshut
09274172;Pfeffenhausen;Niederbayern;Landshut
09274176;Rottenburg a.d. Laaber;Niederbayern;Landshut
09274182;Tiefenbach;Niederbayern;Landshut
09274183;Velden;Niederbayern;Landshut
09274184;Vilsbiburg;Niederbayern;Landshut
09274187;Weihmichl;Niederbayern;Landshut
09274188;Weng;Niederbayern;Landshut
09274193;Wurmsham;Niederbayern;Landshut
09274194;Bruckberg;Niederbayern;Landshut
09275111;Aicha vorm Wald;Niederbayern;Passau
09275112;Aidenbach;Niederbayern;Passau
09275114;Aldersbach;Niederbayern;Passau
09275117;Beutelsbach;Niederbayern;Passau
09275118;Breitenberg;Niederbayern;Passau
09275119;Büchlberg;Niederbayern;Passau
09275120;Eging a. See;Niederbayern;Passau
09275121;Fürstenstein;Niederbayern;Passau
09275122;Fürstenzell;Niederbayern;Passau
09275124;Bad Griesbach i. Rottal;Niederbayern;Passau
09275125;Haarbach;Niederbayern;Passau
09275126;Hauzenberg;Niederbayern;Passau
09275127;Hofkirchen;Niederbayern;Passau
09275128;Hutthurm;Niederbayern;Passau
09275130;Kirchham;Niederbayern;Passau
09275132;Malching;Niederbayern;Passau
09275133;Neuburg a. Inn;Niederbayern;Passau
09275134;Neuhaus a. Inn;Niederbayern;Passau
09275135;Neukirchen vorm Wald;Niederbayern;Passau
09275137;Obernzell;Niederbayern;Passau
09275138;Ortenburg;Niederbayern;Passau
09275141;Pocking;Niederbayern;Passau
09275143;Rotthalmünster;Niederbayern;Passau
09275145;Ruhstorf a.d. Rott;Niederbayern;Passau
09275146;Salzweg;Niederbayern;Passau
09275148;Sonnen;Niederbayern;Passau
09275150;Thyrnau;Niederbayern;Passau
09275151;Tiefenbach;Niederbayern;Passau
09275153;Untergriesbach;Niederbayern;Passau
09275154;Vilshofen an der Donau;Niederbayern;Passau
09275156;Wegscheid;Niederbayern;Passau
09275159;Windorf;Niederbayern;Passau
09275160;Witzmannsberg;Niederbayern;Passau
09276111;Achslach;Niederbayern;Regen
09276113;Arnbruck;Niederbayern;Regen
09276118;Böbrach;Niederbayern;Regen
09276120;Drachselsried;Niederbayern;Regen
09276122;Geiersthal;Niederbayern;Regen
09276123;Gotteszell;Niederbayern;Regen
09276128;Kollnburg;Niederbayern;Regen
09276129;Langdorf;Niederbayern;Regen
09276130;Lindberg;Niederbayern;Regen
09276134;Patersdorf;Niederbayern;Regen
09276135;Prackenbach;Niederbayern;Regen
09276138;Regen;Niederbayern;Regen
09276143;Teisnach;Niederbayern;Regen
09276144;Viechtach;Niederbayern;Regen
09276146;Zachenberg;Niederbayern;Regen
09277112;Bayerbach;Niederbayern;Rottal-Inn
09277113;Bad Birnbach;Niederbayern;Rottal-Inn
09277114;Dietersburg;Niederbayern;Rottal-Inn
09277117;Egglham;Niederbayern;Rottal-Inn
09277119;Falkenberg;Niederbayern;Rottal-Inn
09277121;Gangkofen;Niederbayern;Rottal-Inn
09277124;Hebertsfelden;Niederbayern;Rottal-Inn
09277127;Julbach;Niederbayern;Rottal-Inn
09277128;Kirchdorf a. Inn;Niederbayern;Rottal-Inn
09277131;Malgersdorf;Niederbayern;Rottal-Inn
09277134;Mitterskirchen;Niederbayern;Rottal-Inn
09277138;Pfarrkirchen;Niederbayern;Rottal-Inn
09277140;Reut;Niederbayern;Rottal-Inn
09277142;Roßbach;Niederbayern;Rottal-Inn
09277145;Simbach a. Inn;Niederbayern;Rottal-Inn
09277148;Tann;Niederbayern;Rottal-Inn
09277149;Triftern;Niederbayern;Rottal-Inn
09277151;Unterdietfurt;Niederbayern;Rottal-Inn
09277153;Wurmannsquick;Niederbayern;Rottal-Inn
09277154;Zeilarn;Niederbayern;Rottal-Inn
09278112;Aholfing;Niederbayern;Straubing-Bogen
09278116;Ascha;Niederbayern;Straubing-Bogen
09278117;Atting;Niederbayern;Straubing-Bogen
09278118;Bogen;Niederbayern;Straubing-Bogen
09278123;Geiselhöring;Niederbayern;Straubing-Bogen
09278144;Laberweinting;Niederbayern;Straubing-Bogen
09278146;Leiblfing;Niederbayern;Straubing-Bogen
09278147;Loitzendorf;Niederbayern;Straubing-Bogen
09278148;Mallersdorf-Pfaffenberg;Niederbayern;Straubing-Bogen
09278149;Mariaposching;Niederbayern;Straubing-Bogen
09278154;Neukirchen;Niederbayern;Straubing-Bogen
09278159;Niederwinkling;Niederbayern;Straubing-Bogen
09278167;Oberschneiding;Niederbayern;Straubing-Bogen
09278172;Perkam;Niederbayern;Straubing-Bogen
09278177;Rain;Niederbayern;Straubing-Bogen
09278178;Rattenberg;Niederbayern;Straubing-Bogen
09278179;Rattiszell;Niederbayern;Straubing-Bogen
09278189;Stallwang;Niederbayern;Straubing-Bogen
09278190;Steinach;Niederbayern;Straubing-Bogen
09278197;Wiesenfelden;Niederbayern;Straubing-Bogen
09279112;Dingolfing;Niederbayern;Dingolfing-Landau
09279113;Eichendorf;Niederbayern;Dingolfing-Landau
09279116;Gottfrieding;Niederbayern;Dingolfing-Landau
09279124;Loiching;Niederbayern;Dingolfing-Landau
09279126;Marklkofen;Niederbayern;Dingolfing-Landau
09279128;Moosthenning;Niederbayern;Dingolfing-Landau
09279130;Niederviehbach;Niederbayern;Dingolfing-Landau
09279132;Pilsting;Niederbayern;Dingolfing-Landau
09279137;Wallersdorf;Niederbayern;Dingolfing-Landau
09361000;Amberg;Oberpfalz;Stadt Amberg
09363000;Weiden i.d. OPf.;Oberpfalz;Stadt Weiden i.d.OPf.
09371111;Ammerthal;Oberpfalz;Amberg-Sulzbach
09371113;Auerbach i.d. OPf.;Oberpfalz;Amberg-Sulzbach
09371119;Edelsfeld;Oberpfalz;Amberg-Sulzbach
09371123;Gebenbach;Oberpfalz;Amberg-Sulzbach
09371128;Hirschbach;Oberpfalz;Amberg-Sulzbach
09371132;Kastl;Oberpfalz;Amberg-Sulzbach
09371136;Kümmersbruck;Oberpfalz;Amberg-Sulzbach
09371150;Schnaittenbach;Oberpfalz;Amberg-Sulzbach
09371151;Sulzbach-Rosenberg;Oberpfalz;Amberg-Sulzbach
09372113;Arrach;Oberpfalz;Cham
09372115;Blaibach;Oberpfalz;Cham
09372116;Cham;Oberpfalz;Cham
09372117;Chamerau;Oberpfalz;Cham
09372124;Eschlkam;Oberpfalz;Cham
09372126;Furth im Wald;Oberpfalz;Cham
09372128;Gleißenberg;Oberpfalz;Cham
09372130;Grafenwiesen;Oberpfalz;Cham
09372135;Hohenwarth;Oberpfalz;Cham
09372137;Bad Kötzting;Oberpfalz;Cham
09372138;Lam;Oberpfalz;Cham
09372142;Michelsneukirchen;Oberpfalz;Cham
09372143;Miltach;Oberpfalz;Cham
09372144;Neukirchen b. Hl. Blut;Oberpfalz;Cham
09372146;Pemfling;Oberpfalz;Cham
09372147;Pösing;Oberpfalz;Cham
09372149;Reichenbach;Oberpfalz;Cham
09372150;Rettenbach;Oberpfalz;Cham
09372151;Rimbach;Oberpfalz;Cham
09372153;Roding;Oberpfalz;Cham
09372154;Rötz;Oberpfalz;Cham
09372155;Runding;Oberpfalz;Cham
09372157;Schönthal;Oberpfalz;Cham
09372158;Schorndorf;Oberpfalz;Cham
09372161;Stamsried;Oberpfalz;Cham
09372163;Tiefenbach;Oberpfalz;Cham
09372165;Treffelstein;Oberpfalz;Cham
09372167;Zell;Oberpfalz;Cham
09372168;Waffenbrunn;Oberpfalz;Cham
09372169;Wald;Oberpfalz;Cham
09372170;Walderbach;Oberpfalz;Cham
09372171;Waldmünchen;Oberpfalz;Cham
09372174;Weiding;Oberpfalz;Cham
09372175;Willmering;Oberpfalz;Cham
09372177;Zandt;Oberpfalz;Cham
09372178;Lohberg;Oberpfalz;Cham
09373112;Berching;Oberpfalz;Neumarkt i.d.OPf.
09373113;Berg b. Neumarkt i.d. OPf.;Oberpfalz;Neumarkt i.d.OPf.
09373114;Berngau;Oberpfalz;Neumarkt i.d.OPf.
09373115;Breitenbrunn;Oberpfalz;Neumarkt i.d.OPf.
09373119;Deining;Oberpfalz;Neumarkt i.d.OPf.
09373121;Dietfurt a.d. Altmühl;Oberpfalz;Neumarkt i.d.OPf.
09373126;Freystadt;Oberpfalz;Neumarkt i.d.OPf.
09373140;Lauterhofen;Oberpfalz;Neumarkt i.d.OPf.
09373146;Mühlhausen;Oberpfalz;Neumarkt i.d.OPf.
09373147;Neumarkt i.d. OPf.;Oberpfalz;Neumarkt i.d.OPf.
09373151;Parsberg;Oberpfalz;Neumarkt i.d.OPf.
09373153;Pilsach;Oberpfalz;Neumarkt i.d.OPf.
09373155;Postbauer-Heng;Oberpfalz;Neumarkt i.d.OPf.
09373156;Pyrbaum;Oberpfalz;Neumarkt i.d.OPf.
09373159;Sengenthal;Oberpfalz;Neumarkt i.d.OPf.
09373160;Seubersdorf i.d. OPf.;Oberpfalz;Neumarkt i.d.OPf.
09373167;Velburg;Oberpfalz;Neumarkt i.d.OPf.
09374122;Flossenbürg;Oberpfalz;Neustadt a.d.Waldnaab
09374124;Grafenwöhr;Oberpfalz;Neustadt a.d.Waldnaab
09374128;Kirchendemenreuth;Oberpfalz;Neustadt a.d.Waldnaab
09374129;Kirchenthumbach;Oberpfalz;Neustadt a.d.Waldnaab
09374132;Leuchtenberg;Oberpfalz;Neustadt a.d.Waldnaab
09374133;Luhe-Wildenau;Oberpfalz;Neustadt a.d.Waldnaab
09374144;Parkstein;Oberpfalz;Neustadt a.d.Waldnaab
09374146;Pirk;Oberpfalz;Neustadt a.d.Waldnaab
09374148;Trabitz;Oberpfalz;Neustadt a.d.Waldnaab
09374150;Püchersreuth;Oberpfalz;Neustadt a.d.Waldnaab
09374154;Schirmitz;Oberpfalz;Neustadt a.d.Waldnaab
09374156;Schwarzenbach;Oberpfalz;Neustadt a.d.Waldnaab
09374157;Speinshart;Oberpfalz;Neustadt a.d.Waldnaab
09374162;Vohenstrauß;Oberpfalz;Neustadt a.d.Waldnaab
09374163;Vorbach;Oberpfalz;Neustadt a.d.Waldnaab
09374166;Weiherhammer;Oberpfalz;Neustadt a.d.Waldnaab
09374170;Bechtsrieth;Oberpfalz;Neustadt a.d.Waldnaab
09375113;Alteglofsheim;Oberpfalz;Regensburg
09375117;Barbing;Oberpfalz;Regensburg
09375118;Beratzhausen;Oberpfalz;Regensburg
09375119;Bernhardswald;Oberpfalz;Regensburg
09375122;Brunn;Oberpfalz;Regensburg
09375127;Deuerling;Oberpfalz;Regensburg
09375131;Duggendorf;Oberpfalz;Regensburg
09375148;Hemau;Oberpfalz;Regensburg
09375153;Holzheim a. Forst;Oberpfalz;Regensburg
09375156;Kallmünz;Oberpfalz;Regensburg
09375161;Köfering;Oberpfalz;Regensburg
09375162;Laaber;Oberpfalz;Regensburg
09375171;Mötzing;Oberpfalz;Regensburg
09375175;Nittendorf;Oberpfalz;Regensburg
09375179;Obertraubling;Oberpfalz;Regensburg
09375181;Pettendorf;Oberpfalz;Regensburg
09375182;Pfakofen;Oberpfalz;Regensburg
09375184;Pielenhofen;Oberpfalz;Regensburg
09375190;Regenstauf;Oberpfalz;Regensburg
09375191;Riekofen;Oberpfalz;Regensburg
09375196;Schierling;Oberpfalz;Regensburg
09375199;Sinzing;Oberpfalz;Regensburg
09375204;Tegernheim;Oberpfalz;Regensburg
09375205;Thalmassing;Oberpfalz;Regensburg
09375209;Wiesent;Oberpfalz;Regensburg
09375210;Wörth a.d. Donau;Oberpfalz;Regensburg
09375211;Wolfsegg;Oberpfalz;Regensburg
09375213;Zeitlarn;Oberpfalz;Regensburg
09376112;Altendorf;Oberpfalz;Schwandorf
09376116;Bodenwöhr;Oberpfalz;Schwandorf
09376117;Bruck i.d. OPf.;Oberpfalz;Schwandorf
09376119;Burglengenfeld;Oberpfalz;Schwandorf
09376122;Dieterskirchen;Oberpfalz;Schwandorf
09376133;Guteneck;Oberpfalz;Schwandorf
09376141;Maxhütte-Haidhof;Oberpfalz;Schwandorf
09376144;Nabburg;Oberpfalz;Schwandorf
09376147;Neunburg vorm Wald;Oberpfalz;Schwandorf
09376148;Niedermurach;Oberpfalz;Schwandorf
09376149;Nittenau;Oberpfalz;Schwandorf
09376150;Wernberg-Köblitz;Oberpfalz;Schwandorf
09376153;Pfreimd;Oberpfalz;Schwandorf
09376159;Schmidgaden;Oberpfalz;Schwandorf
09376161;Schwandorf;Oberpfalz;Schwandorf
09376162;Schwarzach b. Nabburg;Oberpfalz;Schwandorf
09376167;Stadlern;Oberpfalz;Schwandorf
09376168;Steinberg am See;Oberpfalz;Schwandorf
09376169;Stulln;Oberpfalz;Schwandorf
09376170;Teublitz;Oberpfalz;Schwandorf
09376171;Teunz;Oberpfalz;Schwandorf
09376172;Thanstein;Oberpfalz;Schwandorf
09376173;Trausnitz;Oberpfalz;Schwandorf
09376176;Weiding;Oberpfalz;Schwandorf
09376178;Winklarn;Oberpfalz;Schwandorf
09377112;Bärnau;Oberpfalz;Tirschenreuth
09377115;Ebnath;Oberpfalz;Tirschenreuth
09377127;Immenreuth;Oberpfalz;Tirschenreuth
09377128;Kastl;Oberpfalz;Tirschenreuth
09377129;Kemnath;Oberpfalz;Tirschenreuth
09377131;Konnersreuth;Oberpfalz;Tirschenreuth
09377137;Leonberg;Oberpfalz;Tirschenreuth
09377139;Mähring;Oberpfalz;Tirschenreuth
09377141;Mitterteich;Oberpfalz;Tirschenreuth
09377145;Pechbrunn;Oberpfalz;Tirschenreuth
09377146;Plößberg;Oberpfalz;Tirschenreuth
09377157;Waldershof;Oberpfalz;Tirschenreuth
09377158;Waldsassen;Oberpfalz;Tirschenreuth
09462000;Bayreuth;Oberfranken;Stadt Bayreuth
09471115;Baunach;Oberfranken;Bamberg
09471117;Bischberg;Oberfranken;Bamberg
09471119;Breitengüßbach;Oberfranken;Bamberg
09471120;Burgebrach;Oberfranken;Bamberg
09471122;Burgwindheim;Oberfranken;Bamberg
09471123;Buttenheim;Oberfranken;Bamberg
09471128;Ebrach;Oberfranken;Bamberg
09471131;Frensdorf;Oberfranken;Bamberg
09471133;Gerach;Oberfranken;Bamberg
09471145;Hirschaid;Oberfranken;Bamberg
09471152;Lauter;Oberfranken;Bamberg
09471159;Memmelsdorf;Oberfranken;Bamberg
09471169;Pettstadt;Oberfranken;Bamberg
09471172;Pommersfelden;Oberfranken;Bamberg
09471174;Rattelsdorf;Oberfranken;Bamberg
09471175;Reckendorf;Oberfranken;Bamberg
09471185;Scheßlitz;Oberfranken;Bamberg
09471186;Schönbrunn i. Steigerwald;Oberfranken;Bamberg
09471189;Stadelhofen;Oberfranken;Bamberg
09471195;Strullendorf;Oberfranken;Bamberg
09471207;Viereth-Trunstadt;Oberfranken;Bamberg
09471208;Walsdorf;Oberfranken;Bamberg
09471209;Wattendorf;Oberfranken;Bamberg
09471214;Zapfendorf;Oberfranken;Bamberg
09472111;Ahorntal;Oberfranken;Bayreuth
09472115;Aufseß;Oberfranken;Bayreuth
09472118;Betzenstein;Oberfranken;Bayreuth
09472119;Bindlach;Oberfranken;Bayreuth
09472141;Glashütten;Oberfranken;Bayreuth
09472143;Goldkronach;Oberfranken;Bayreuth
09472155;Hummeltal;Oberfranken;Bayreuth
09472156;Kirchenpingarten;Oberfranken;Bayreuth
09472166;Mistelbach;Oberfranken;Bayreuth
09472167;Mistelgau;Oberfranken;Bayreuth
09472175;Pegnitz;Oberfranken;Bayreuth
09472177;Plech;Oberfranken;Bayreuth
09472180;Prebitz;Oberfranken;Bayreuth
09472199;Weidenberg;Oberfranken;Bayreuth
09473112;Ahorn;Oberfranken;Coburg
09473120;Dörfles-Esbach;Oberfranken;Coburg
09473121;Ebersdorf b. Coburg;Oberfranken;Coburg
09473132;Großheirath;Oberfranken;Coburg
09473144;Meeder;Oberfranken;Coburg
09473151;Neustadt b. Coburg;Oberfranken;Coburg
09473153;Niederfüllbach;Oberfranken;Coburg
09473158;Bad Rodach;Oberfranken;Coburg
09473159;Rödental;Oberfranken;Coburg
09473166;Sonnefeld;Oberfranken;Coburg
09473174;Weidhausen b. Coburg;Oberfranken;Coburg
09473175;Weitramsdorf;Oberfranken;Coburg
09474121;Ebermannstadt;Oberfranken;Forchheim
09474122;Effeltrich;Oberfranken;Forchheim
09474123;Eggolsheim;Oberfranken;Forchheim
09474126;Forchheim;Oberfranken;Forchheim
09474133;Hallerndorf;Oberfranken;Forchheim
09474134;Hausen;Oberfranken;Forchheim
09474137;Hetzles;Oberfranken;Forchheim
09474138;Hiltpoltstein;Oberfranken;Forchheim
09474140;Igensdorf;Oberfranken;Forchheim
09474143;Kirchehrenbach;Oberfranken;Forchheim
09474144;Kleinsendelbach;Oberfranken;Forchheim
09474145;Kunreuth;Oberfranken;Forchheim
09474146;Langensendelbach;Oberfranken;Forchheim
09474147;Leutenbach;Oberfranken;Forchheim
09474154;Neunkirchen a. Brand;Oberfranken;Forchheim
09474156;Obertrubach;Oberfranken;Forchheim
09474158;Pinzberg;Oberfranken;Forchheim
09474160;Poxdorf;Oberfranken;Forchheim
09474168;Unterleinleiter;Oberfranken;Forchheim
09474171;Weilersbach;Oberfranken;Forchheim
09474175;Wiesenthau;Oberfranken;Forchheim
09474176;Wiesenttal;Oberfranken;Forchheim
09475113;Berg;Oberfranken;Hof
09475127;Gattendorf;Oberfranken;Hof
09475136;Helmbrechts;Oberfranken;Hof
09475141;Köditz;Oberfranken;Hof
09475145;Leupoldsgrün;Oberfranken;Hof
09475156;Naila;Oberfranken;Hof
09475168;Schwarzenbach a.d. Saale;Oberfranken;Hof
09475169;Schwarzenbach a. Wald;Oberfranken;Hof
09475171;Selbitz;Oberfranken;Hof
09475174;Sparneck;Oberfranken;Hof
09475184;Weißdorf;Oberfranken;Hof
09476146;Küps;Oberfranken;Kronach
09476152;Ludwigsstadt;Oberfranken;Kronach
09476164;Pressig;Oberfranken;Kronach
09476166;Reichenbach;Oberfranken;Kronach
09476171;Schneckenlohe;Oberfranken;Kronach
09476177;Steinwiesen;Oberfranken;Kronach
09476178;Stockheim;Oberfranken;Kronach
09476179;Tettau;Oberfranken;Kronach
09476183;Marktrodach;Oberfranken;Kronach
09476184;Wallenfels;Oberfranken;Kronach
09476185;Weißenbrunn;Oberfranken;Kronach
09476189;Wilhelmsthal;Oberfranken;Kronach
09477119;Harsdorf;Oberfranken;Kulmbach
09477121;Himmelkron;Oberfranken;Kulmbach
09477124;Kasendorf;Oberfranken;Kulmbach
09477127;Ködnitz;Oberfranken;Kulmbach
09477128;Kulmbach;Oberfranken;Kulmbach
09477129;Kupferberg;Oberfranken;Kulmbach
09477136;Mainleus;Oberfranken;Kulmbach
09477158;Trebgast;Oberfranken;Kulmbach
09477163;Wirsberg;Oberfranken;Kulmbach
09478111;Altenkunstadt;Oberfranken;Lichtenfels
09478116;Burgkunstadt;Oberfranken;Lichtenfels
09478120;Ebensfeld;Oberfranken;Lichtenfels
09478127;Hochstadt a. Main;Oberfranken;Lichtenfels
09478139;Lichtenfels;Oberfranken;Lichtenfels
09478143;Marktgraitz;Oberfranken;Lichtenfels
09478145;Michelau i. OFr.;Oberfranken;Lichtenfels
09478155;Redwitz a.d. Rodach;Oberfranken;Lichtenfels
09478165;Bad Staffelstein;Oberfranken;Lichtenfels
09478176;Weismain;Oberfranken;Lichtenfels
09479127;Hohenberg a.d. Eger;Oberfranken;Wunsiedel i.Fichtelgebirge
09479147;Schirnding;Oberfranken;Wunsiedel i.Fichtelgebirge
09479152;Selb;Oberfranken;Wunsiedel i.Fichtelgebirge
09479158;Thiersheim;Oberfranken;Wunsiedel i.Fichtelgebirge
09479169;Wunsiedel;Oberfranken;Wunsiedel i.Fichtelgebirge
09562000;Erlangen;Mittelfranken;Stadt Erlangen
09564000;Nürnberg;Mittelfranken;Stadt Nürnberg
09571114;Aurach;Mittelfranken;Ansbach
09571115;Bechhofen;Mittelfranken;Ansbach
09571122;Bruckberg;Mittelfranken;Ansbach
09571125;Buch a. Wald;Mittelfranken;Ansbach
09571130;Colmberg;Mittelfranken;Ansbach
09571135;Dietenhofen;Mittelfranken;Ansbach
09571136;Dinkelsbühl;Mittelfranken;Ansbach
09571137;Dombühl;Mittelfranken;Ansbach
09571141;Ehingen;Mittelfranken;Ansbach
09571145;Feuchtwangen;Mittelfranken;Ansbach
09571152;Gebsattel;Mittelfranken;Ansbach
09571154;Gerolfingen;Mittelfranken;Ansbach
09571155;Geslau;Mittelfranken;Ansbach
09571165;Heilsbronn;Mittelfranken;Ansbach
09571169;Insingen;Mittelfranken;Ansbach
09571170;Langfurth;Mittelfranken;Ansbach
09571171;Lehrberg;Mittelfranken;Ansbach
09571174;Leutershausen;Mittelfranken;Ansbach
09571175;Lichtenau;Mittelfranken;Ansbach
09571177;Merkendorf;Mittelfranken;Ansbach
09571178;Mitteleschenbach;Mittelfranken;Ansbach
09571179;Mönchsroth;Mittelfranken;Ansbach
09571180;Neuendettelsau;Mittelfranken;Ansbach
09571181;Neusitz;Mittelfranken;Ansbach
09571188;Ohrenbach;Mittelfranken;Ansbach
09571192;Röckingen;Mittelfranken;Ansbach
09571193;Rothenburg ob der Tauber;Mittelfranken;Ansbach
09571196;Sachsen b. Ansbach;Mittelfranken;Ansbach
09571198;Schillingsfürst;Mittelfranken;Ansbach
09571199;Schnelldorf;Mittelfranken;Ansbach
09571200;Schopfloch;Mittelfranken;Ansbach
09571205;Steinsfeld;Mittelfranken;Ansbach
09571208;Unterschwaningen;Mittelfranken;Ansbach
09571214;Wassertrüdingen;Mittelfranken;Ansbach
09571217;Weihenzell;Mittelfranken;Ansbach
09571218;Weiltingen;Mittelfranken;Ansbach
09571225;Windelsbach;Mittelfranken;Ansbach
09571226;Windsbach;Mittelfranken;Ansbach
09571227;Wittelshofen;Mittelfranken;Ansbach
09571228;Wörnitz;Mittelfranken;Ansbach
09572111;Adelsdorf;Mittelfranken;Erlangen-Höchstadt
09572119;Bubenreuth;Mittelfranken;Erlangen-Höchstadt
09572126;Gremsdorf;Mittelfranken;Erlangen-Höchstadt
09572130;Hemhofen;Mittelfranken;Erlangen-Höchstadt
09572131;Heroldsberg;Mittelfranken;Erlangen-Höchstadt
09572135;Höchstadt a.d. Aisch;Mittelfranken;Erlangen-Höchstadt
09572137;Kalchreuth;Mittelfranken;Erlangen-Höchstadt
09572139;Lonnerstadt;Mittelfranken;Erlangen-Höchstadt
09572141;Marloffstein;Mittelfranken;Erlangen-Höchstadt
09572158;Uttenreuth;Mittelfranken;Erlangen-Höchstadt
09572159;Vestenbergsgreuth;Mittelfranken;Erlangen-Höchstadt
09572160;Wachenroth;Mittelfranken;Erlangen-Höchstadt
09573111;Ammerndorf;Mittelfranken;Fürth
09573114;Cadolzburg;Mittelfranken;Fürth
09573115;Großhabersdorf;Mittelfranken;Fürth
09573120;Langenzenn;Mittelfranken;Fürth
09573122;Oberasbach;Mittelfranken;Fürth
09573125;Roßtal;Mittelfranken;Fürth
09573127;Stein;Mittelfranken;Fürth
09573130;Veitsbronn;Mittelfranken;Fürth
09573133;Wilhermsdorf;Mittelfranken;Fürth
09573134;Zirndorf;Mittelfranken;Fürth
09574117;Burgthann;Mittelfranken;Nürnberger Land
09574120;Engelthal;Mittelfranken;Nürnberger Land
09574123;Feucht;Mittelfranken;Nürnberger Land
09574129;Hartenstein;Mittelfranken;Nürnberger Land
09574135;Kirchensittenbach;Mittelfranken;Nürnberger Land
09574138;Lauf a.d. Pegnitz;Mittelfranken;Nürnberger Land
09574139;Leinburg;Mittelfranken;Nürnberger Land
09574140;Neuhaus a.d. Pegnitz;Mittelfranken;Nürnberger Land
09574141;Neunkirchen a. Sand;Mittelfranken;Nürnberger Land
09574147;Pommelsbrunn;Mittelfranken;Nürnberger Land
09574155;Schnaittach;Mittelfranken;Nürnberger Land
09574157;Schwarzenbruck;Mittelfranken;Nürnberger Land
09574158;Simmelsdorf;Mittelfranken;Nürnberger Land
09574160;Velden;Mittelfranken;Nürnberger Land
09575112;Bad Windsheim;Mittelfranken;Neustadt/Aisch-Bad Windsheim
09575113;Baudenbach;Mittelfranken;Neustadt/Aisch-Bad Windsheim
09575116;Burghaslach;Mittelfranken;Neustadt/Aisch-Bad Windsheim
09575118;Diespeck;Mittelfranken;Neustadt/Aisch-Bad Windsheim
09575119;Dietersheim;Mittelfranken;Neustadt/Aisch-Bad Windsheim
09575121;Emskirchen;Mittelfranken;Neustadt/Aisch-Bad Windsheim
09575128;Gutenstetten;Mittelfranken;Neustadt/Aisch-Bad Windsheim
09575134;Ippesheim;Mittelfranken;Neustadt/Aisch-Bad Windsheim
09575145;Markt Erlbach;Mittelfranken;Neustadt/Aisch-Bad Windsheim
09575146;Markt Nordheim;Mittelfranken;Neustadt/Aisch-Bad Windsheim
09575152;Neuhof a.d. Zenn;Mittelfranken;Neustadt/Aisch-Bad Windsheim
09575153;Neustadt a.d. Aisch;Mittelfranken;Neustadt/Aisch-Bad Windsheim
09575156;Obernzenn;Mittelfranken;Neustadt/Aisch-Bad Windsheim
09575163;Simmershofen;Mittelfranken;Neustadt/Aisch-Bad Windsheim
09575167;Uehlfeld;Mittelfranken;Neustadt/Aisch-Bad Windsheim
09575168;Uffenheim;Mittelfranken;Neustadt/Aisch-Bad Windsheim
09575181;Wilhelmsdorf;Mittelfranken;Neustadt/Aisch-Bad Windsheim
09576113;Allersberg;Mittelfranken;Roth
09576117;Büchenbach;Mittelfranken;Roth
09576126;Heideck;Mittelfranken;Roth
09576127;Hilpoltstein;Mittelfranken;Roth
09576141;Röttenbach;Mittelfranken;Roth
09576142;Rohr;Mittelfranken;Roth
09576143;Roth;Mittelfranken;Roth
09576148;Thalmässing;Mittelfranken;Roth
09576151;Wendelstein;Mittelfranken;Roth
09577111;Absberg;Mittelfranken;Weißenburg-Gunzenhausen
09577113;Alesheim;Mittelfranken;Weißenburg-Gunzenhausen
09577120;Burgsalach;Mittelfranken;Weißenburg-Gunzenhausen
09577122;Dittenheim;Mittelfranken;Weißenburg-Gunzenhausen
09577125;Ellingen;Mittelfranken;Weißenburg-Gunzenhausen
09577133;Gnotzheim;Mittelfranken;Weißenburg-Gunzenhausen
09577136;Gunzenhausen;Mittelfranken;Weißenburg-Gunzenhausen
09577138;Haundorf;Mittelfranken;Weißenburg-Gunzenhausen
09577140;Heidenheim;Mittelfranken;Weißenburg-Gunzenhausen
09577148;Langenaltheim;Mittelfranken;Weißenburg-Gunzenhausen
09577150;Meinheim;Mittelfranken;Weißenburg-Gunzenhausen
09577158;Pappenheim;Mittelfranken;Weißenburg-Gunzenhausen
09577159;Pfofeld;Mittelfranken;Weißenburg-Gunzenhausen
09577161;Pleinfeld;Mittelfranken;Weißenburg-Gunzenhausen
09577162;Polsingen;Mittelfranken;Weißenburg-Gunzenhausen
09577163;Raitenbuch;Mittelfranken;Weißenburg-Gunzenhausen
09577173;Treuchtlingen;Mittelfranken;Weißenburg-Gunzenhausen
09577177;Weißenburg i. Bay.;Mittelfranken;Weißenburg-Gunzenhausen
09577179;Westheim;Mittelfranken;Weißenburg-Gunzenhausen
09661000;Aschaffenburg;Unterfranken;Stadt Aschaffenburg
09663000;Würzburg;Unterfranken;Stadt Würzburg
09671112;Bessenbach;Unterfranken;Aschaffenburg
09671113;Blankenbach;Unterfranken;Aschaffenburg
09671119;Geiselbach;Unterfranken;Aschaffenburg
09671120;Glattbach;Unterfranken;Aschaffenburg
09671121;Goldbach;Unterfranken;Aschaffenburg
09671122;Großostheim;Unterfranken;Aschaffenburg
09671124;Haibach;Unterfranken;Aschaffenburg
09671130;Hösbach;Unterfranken;Aschaffenburg
09671133;Johannesberg;Unterfranken;Aschaffenburg
09671135;Kleinkahl;Unterfranken;Aschaffenburg
09671138;Krombach;Unterfranken;Aschaffenburg
09671141;Mespelbrunn;Unterfranken;Aschaffenburg
09671143;Mömbris;Unterfranken;Aschaffenburg
09671148;Rothenbuch;Unterfranken;Aschaffenburg
09671156;Waldaschaff;Unterfranken;Aschaffenburg
09671159;Westerngrund;Unterfranken;Aschaffenburg
09671160;Dammbach;Unterfranken;Aschaffenburg
09672112;Bad Bocklet;Unterfranken;Bad Kissingen
09672113;Bad Brückenau;Unterfranken;Bad Kissingen
09672114;Bad Kissingen;Unterfranken;Bad Kissingen
09672117;Burkardroth;Unterfranken;Bad Kissingen
09672134;Motten;Unterfranken;Bad Kissingen
09672135;Münnerstadt;Unterfranken;Bad Kissingen
09672136;Nüdlingen;Unterfranken;Bad Kissingen
09672138;Oberleichtersbach;Unterfranken;Bad Kissingen
09672139;Oberthulba;Unterfranken;Bad Kissingen
09672140;Oerlenbach;Unterfranken;Bad Kissingen
09672142;Ramsthal;Unterfranken;Bad Kissingen
09672143;Rannungen;Unterfranken;Bad Kissingen
09672149;Schondra;Unterfranken;Bad Kissingen
09672155;Sulzthal;Unterfranken;Bad Kissingen
09672157;Thundorf i. UFr.;Unterfranken;Bad Kissingen
09672161;Wartmannsroth;Unterfranken;Bad Kissingen
09672166;Zeitlofs;Unterfranken;Bad Kissingen
09673113;Aubstadt;Unterfranken;Rhön-Grabfeld
09673114;Bad Neustadt a.d. Saale;Unterfranken;Rhön-Grabfeld
09673116;Bastheim;Unterfranken;Rhön-Grabfeld
09673117;Bischofsheim a.d. Rhön;Unterfranken;Rhön-Grabfeld
09673123;Fladungen;Unterfranken;Rhön-Grabfeld
09673126;Großbardorf;Unterfranken;Rhön-Grabfeld
09673127;Großeibstadt;Unterfranken;Rhön-Grabfeld
09673129;Hausen;Unterfranken;Rhön-Grabfeld
09673130;Hendungen;Unterfranken;Rhön-Grabfeld
09673131;Herbstadt;Unterfranken;Rhön-Grabfeld
09673133;Heustreu;Unterfranken;Rhön-Grabfeld
09673135;Hohenroth;Unterfranken;Rhön-Grabfeld
09673136;Hollstadt;Unterfranken;Rhön-Grabfeld
09673141;Bad Königshofen i. Grabfeld;Unterfranken;Rhön-Grabfeld
09673142;Mellrichstadt;Unterfranken;Rhön-Grabfeld
09673146;Niederlauer;Unterfranken;Rhön-Grabfeld
09673147;Nordheim v.d. Rhön;Unterfranken;Rhön-Grabfeld
09673149;Oberelsbach;Unterfranken;Rhön-Grabfeld
09673151;Oberstreu;Unterfranken;Rhön-Grabfeld
09673153;Ostheim v.d. Rhön;Unterfranken;Rhön-Grabfeld
09673156;Rödelmaier;Unterfranken;Rhön-Grabfeld
09673160;Saal a.d. Saale;Unterfranken;Rhön-Grabfeld
09673161;Salz;Unterfranken;Rhön-Grabfeld
09673162;Sandberg;Unterfranken;Rhön-Grabfeld
09673167;Sondheim v.d. Rhön;Unterfranken;Rhön-Grabfeld
09673170;Stockheim;Unterfranken;Rhön-Grabfeld
09673171;Strahlungen;Unterfranken;Rhön-Grabfeld
09673172;Sulzdorf a.d. Lederhecke;Unterfranken;Rhön-Grabfeld
09673173;Sulzfeld;Unterfranken;Rhön-Grabfeld
09673182;Willmars;Unterfranken;Rhön-Grabfeld
09673183;Wollbach;Unterfranken;Rhön-Grabfeld
09673184;Wülfershausen a.d. Saale;Unterfranken;Rhön-Grabfeld
09674111;Aidhausen;Unterfranken;Haßberge
09674120;Bundorf;Unterfranken;Haßberge
09674121;Burgpreppach;Unterfranken;Haßberge
09674129;Ebelsbach;Unterfranken;Haßberge
09674130;Ebern;Unterfranken;Haßberge
09674139;Gädheim;Unterfranken;Haßberge
09674149;Hofheim i. UFr.;Unterfranken;Haßberge
09674159;Oberaurach;Unterfranken;Haßberge
09674163;Knetzgau;Unterfranken;Haßberge
09674164;Königsberg i. Bay.;Unterfranken;Haßberge
09674171;Maroldsweisach;Unterfranken;Haßberge
09674180;Theres;Unterfranken;Haßberge
09674190;Rentweinsdorf;Unterfranken;Haßberge
09674201;Stettfeld;Unterfranken;Haßberge
09674221;Zeil a. Main;Unterfranken;Haßberge
09674223;Ermershausen;Unterfranken;Haßberge
09675111;Abtswind;Unterfranken;Kitzingen
09675113;Biebelried;Unterfranken;Kitzingen
09675114;Buchbrunn;Unterfranken;Kitzingen
09675116;Castell;Unterfranken;Kitzingen
09675117;Dettelbach;Unterfranken;Kitzingen
09675127;Geiselwind;Unterfranken;Kitzingen
09675141;Kitzingen;Unterfranken;Kitzingen
09675147;Marktbreit;Unterfranken;Kitzingen
09675149;Marktsteft;Unterfranken;Kitzingen
09675150;Martinsheim;Unterfranken;Kitzingen
09675161;Rödelsee;Unterfranken;Kitzingen
09675162;Rüdenhausen;Unterfranken;Kitzingen
09675165;Schwarzach a. Main;Unterfranken;Kitzingen
09675169;Sommerach;Unterfranken;Kitzingen
09675170;Sulzfeld a. Main;Unterfranken;Kitzingen
09675174;Volkach;Unterfranken;Kitzingen
09675177;Wiesenbronn;Unterfranken;Kitzingen
09675178;Wiesentheid;Unterfranken;Kitzingen
09676111;Altenbuch;Unterfranken;Miltenberg
09676112;Amorbach;Unterfranken;Miltenberg
09676116;Bürgstadt;Unterfranken;Miltenberg
09676117;Collenberg;Unterfranken;Miltenberg
09676118;Dorfprozelten;Unterfranken;Miltenberg
09676119;Eichenbühl;Unterfranken;Miltenberg
09676121;Elsenfeld;Unterfranken;Miltenberg
09676123;Eschau;Unterfranken;Miltenberg
09676125;Großheubach;Unterfranken;Miltenberg
09676128;Hausen;Unterfranken;Miltenberg
09676131;Kirchzell;Unterfranken;Miltenberg
09676133;Kleinwallstadt;Unterfranken;Miltenberg
09676135;Laudenbach;Unterfranken;Miltenberg
09676139;Miltenberg;Unterfranken;Miltenberg
09676141;Mönchberg;Unterfranken;Miltenberg
09676143;Neunkirchen;Unterfranken;Miltenberg
09676144;Niedernberg;Unterfranken;Miltenberg
09676145;Obernburg a. Main;Unterfranken;Miltenberg
09676153;Rüdenau;Unterfranken;Miltenberg
09676156;Schneeberg;Unterfranken;Miltenberg
09676158;Stadtprozelten;Unterfranken;Miltenberg
09676160;Sulzbach a. Main;Unterfranken;Miltenberg
09676165;Weilbach;Unterfranken;Miltenberg
09676169;Wörth a. Main;Unterfranken;Miltenberg
09677114;Arnstein;Unterfranken;Main-Spessart
09677116;Aura i. Sinngrund;Unterfranken;Main-Spessart
09677120;Bischbrunn;Unterfranken;Main-Spessart
09677122;Burgsinn;Unterfranken;Main-Spessart
09677125;Erlenbach b. Marktheidenfeld;Unterfranken;Main-Spessart
09677127;Eußenheim;Unterfranken;Main-Spessart
09677128;Fellen;Unterfranken;Main-Spessart
09677129;Frammersbach;Unterfranken;Main-Spessart
09677131;Gemünden a. Main;Unterfranken;Main-Spessart
09677133;Gräfendorf;Unterfranken;Main-Spessart
09677135;Hafenlohr;Unterfranken;Main-Spessart
09677137;Hasloch;Unterfranken;Main-Spessart
09677142;Himmelstadt;Unterfranken;Main-Spessart
09677146;Karbach;Unterfranken;Main-Spessart
09677148;Karlstadt;Unterfranken;Main-Spessart
09677149;Karsbach;Unterfranken;Main-Spessart
09677151;Kreuzwertheim;Unterfranken;Main-Spessart
09677154;Triefenstein;Unterfranken;Main-Spessart
09677155;Lohr a. Main;Unterfranken;Main-Spessart
09677157;Marktheidenfeld;Unterfranken;Main-Spessart
09677159;Mittelsinn;Unterfranken;Main-Spessart
09677164;Neuendorf;Unterfranken;Main-Spessart
09677165;Neuhütten;Unterfranken;Main-Spessart
09677166;Neustadt a. Main;Unterfranken;Main-Spessart
09677169;Obersinn;Unterfranken;Main-Spessart
09677170;Partenstein;Unterfranken;Main-Spessart
09677172;Rechtenbach;Unterfranken;Main-Spessart
09677175;Retzstadt;Unterfranken;Main-Spessart
09677178;Roden;Unterfranken;Main-Spessart
09677181;Rothenfels;Unterfranken;Main-Spessart
09677182;Schollbrunn;Unterfranken;Main-Spessart
09677186;Steinfeld;Unterfranken;Main-Spessart
09677200;Wiesthal;Unterfranken;Main-Spessart
09678122;Dingolshausen;Unterfranken;Schweinfurt
09678123;Dittelbrunn;Unterfranken;Schweinfurt
09678124;Donnersdorf;Unterfranken;Schweinfurt
09678128;Euerbach;Unterfranken;Schweinfurt
09678130;Frankenwinheim;Unterfranken;Schweinfurt
09678132;Geldersheim;Unterfranken;Schweinfurt
09678136;Grafenrheinfeld;Unterfranken;Schweinfurt
09678150;Kolitzheim;Unterfranken;Schweinfurt
09678153;Lülsfeld;Unterfranken;Schweinfurt
09678157;Michelau i. Steigerwald;Unterfranken;Schweinfurt
09678164;Oberschwarzach;Unterfranken;Schweinfurt
09678170;Röthlein;Unterfranken;Schweinfurt
09678174;Schonungen;Unterfranken;Schweinfurt
09678176;Schwebheim;Unterfranken;Schweinfurt
09678178;Sennfeld;Unterfranken;Schweinfurt
09678181;Stadtlauringen;Unterfranken;Schweinfurt
09678183;Sulzheim;Unterfranken;Schweinfurt
09678190;Waigolshausen;Unterfranken;Schweinfurt
09678192;Wasserlosen;Unterfranken;Schweinfurt
09678193;Werneck;Unterfranken;Schweinfurt
09678196;Wipfeld;Unterfranken;Schweinfurt
09679117;Bergtheim;Unterfranken;Würzburg
09679118;Bieberehren;Unterfranken;Würzburg
09679126;Eisingen;Unterfranken;Würzburg
09679130;Estenfeld;Unterfranken;Würzburg
09679134;Gaukönigshofen;Unterfranken;Würzburg
09679135;Gelchsheim;Unterfranken;Würzburg
09679138;Giebelstadt;Unterfranken;Würzburg
09679141;Greußenheim;Unterfranken;Würzburg
09679142;Güntersleben;Unterfranken;Würzburg
09679149;Holzkirchen;Unterfranken;Würzburg
09679153;Kirchheim;Unterfranken;Würzburg
09679156;Kürnach;Unterfranken;Würzburg
09679161;Margetshöchheim;Unterfranken;Würzburg
09679164;Neubrunn;Unterfranken;Würzburg
09679165;Altertheim;Unterfranken;Würzburg
09679167;Eisenheim;Unterfranken;Würzburg
09679169;Oberpleichfeld;Unterfranken;Würzburg
09679170;Ochsenfurt;Unterfranken;Würzburg
09679174;Prosselsheim;Unterfranken;Würzburg
09679175;Randersacker;Unterfranken;Würzburg
09679176;Reichenberg;Unterfranken;Würzburg
09679179;Riedenheim;Unterfranken;Würzburg
09679180;Rimpar;Unterfranken;Würzburg
09679182;Röttingen;Unterfranken;Würzburg
09679188;Sonderhofen;Unterfranken;Würzburg
09679192;Tauberrettersheim;Unterfranken;Würzburg
09679193;Theilheim;Unterfranken;Würzburg
09679194;Thüngersheim;Unterfranken;Würzburg
09679204;Waldbrunn;Unterfranken;Würzburg
09763000;Kempten (Allgäu);Schwaben;Stadt Kempten (Allgäu)
09771111;Adelzhausen;Schwaben;Aichach-Friedberg
09771112;Affing;Schwaben;Aichach-Friedberg
09771113;Aichach;Schwaben;Aichach-Friedberg
09771129;Eurasburg;Schwaben;Aichach-Friedberg
09771130;Friedberg;Schwaben;Aichach-Friedberg
09771144;Kühbach;Schwaben;Aichach-Friedberg
09771145;Merching;Schwaben;Aichach-Friedberg
09771146;Mering;Schwaben;Aichach-Friedberg
09771149;Obergriesbach;Schwaben;Aichach-Friedberg
09771156;Pöttmes;Schwaben;Aichach-Friedberg
09771158;Rehling;Schwaben;Aichach-Friedberg
09771160;Ried;Schwaben;Aichach-Friedberg
09771162;Schiltberg;Schwaben;Aichach-Friedberg
09771163;Schmiechen;Schwaben;Aichach-Friedberg
09771168;Steindorf;Schwaben;Aichach-Friedberg
09771169;Todtenweis;Schwaben;Aichach-Friedberg
09772111;Adelsried;Schwaben;Augsburg
09772114;Allmannshofen;Schwaben;Augsburg
09772115;Altenmünster;Schwaben;Augsburg
09772121;Biberbach;Schwaben;Augsburg
09772125;Bobingen;Schwaben;Augsburg
09772126;Bonstetten;Schwaben;Augsburg
09772130;Diedorf;Schwaben;Augsburg
09772131;Dinkelscherben;Schwaben;Augsburg
09772134;Ehingen;Schwaben;Augsburg
09772136;Ellgau;Schwaben;Augsburg
09772137;Emersacker;Schwaben;Augsburg
09772145;Gablingen;Schwaben;Augsburg
09772147;Gersthofen;Schwaben;Augsburg
09772148;Gessertshausen;Schwaben;Augsburg
09772149;Graben;Schwaben;Augsburg
09772156;Heretsried;Schwaben;Augsburg
09772157;Hiltenfingen;Schwaben;Augsburg
09772159;Horgau;Schwaben;Augsburg
09772160;Kleinaitingen;Schwaben;Augsburg
09772162;Klosterlechfeld;Schwaben;Augsburg
09772163;Königsbrunn;Schwaben;Augsburg
09772166;Kühlenthal;Schwaben;Augsburg
09772167;Kutzenhausen;Schwaben;Augsburg
09772170;Langerringen;Schwaben;Augsburg
09772171;Langweid a. Lech;Schwaben;Augsburg
09772177;Meitingen;Schwaben;Augsburg
09772178;Mickhausen;Schwaben;Augsburg
09772179;Mittelneufnach;Schwaben;Augsburg
09772184;Neusäß;Schwaben;Augsburg
09772186;Oberottmarshausen;Schwaben;Augsburg
09772197;Scherstetten;Schwaben;Augsburg
09772200;Schwabmünchen;Schwaben;Augsburg
09772207;Thierhaupten;Schwaben;Augsburg
09772209;Untermeitingen;Schwaben;Augsburg
09772211;Ustersbach;Schwaben;Augsburg
09772214;Walkertshofen;Schwaben;Augsburg
09772215;Wehringen;Schwaben;Augsburg
09772216;Welden;Schwaben;Augsburg
09772217;Westendorf;Schwaben;Augsburg
09772223;Zusmarshausen;Schwaben;Augsburg
09773111;Aislingen;Schwaben;Dillingen a.d.Donau
09773112;Bachhagel;Schwaben;Dillingen a.d.Donau
09773113;Bächingen a.d. Brenz;Schwaben;Dillingen a.d.Donau
09773116;Binswangen;Schwaben;Dillingen a.d.Donau
09773117;Bissingen;Schwaben;Dillingen a.d.Donau
09773119;Blindheim;Schwaben;Dillingen a.d.Donau
09773122;Buttenwiesen;Schwaben;Dillingen a.d.Donau
09773125;Dillingen a.d. Donau;Schwaben;Dillingen a.d.Donau
09773136;Gundelfingen a.d. Donau;Schwaben;Dillingen a.d.Donau
09773137;Haunsheim;Schwaben;Dillingen a.d.Donau
09773139;Höchstädt a.d. Donau;Schwaben;Dillingen a.d.Donau
09773140;Holzheim;Schwaben;Dillingen a.d.Donau
09773143;Laugna;Schwaben;Dillingen a.d.Donau
09773146;Lutzingen;Schwaben;Dillingen a.d.Donau
09773147;Mödingen;Schwaben;Dillingen a.d.Donau
09773150;Finningen;Schwaben;Dillingen a.d.Donau
09773153;Medlingen;Schwaben;Dillingen a.d.Donau
09773164;Schwenningen;Schwaben;Dillingen a.d.Donau
09773170;Syrgenstein;Schwaben;Dillingen a.d.Donau
09773182;Wertingen;Schwaben;Dillingen a.d.Donau
09773183;Wittislingen;Schwaben;Dillingen a.d.Donau
09773186;Ziertheim;Schwaben;Dillingen a.d.Donau
09773188;Zusamaltheim;Schwaben;Dillingen a.d.Donau
09774111;Aletshausen;Schwaben;Günzburg
09774115;Balzhausen;Schwaben;Günzburg
09774116;Ursberg;Schwaben;Günzburg
09774117;Breitenthal;Schwaben;Günzburg
09774118;Bubesheim;Schwaben;Günzburg
09774119;Bibertal;Schwaben;Günzburg
09774121;Burgau;Schwaben;Günzburg
09774122;Burtenbach;Schwaben;Günzburg
09774124;Deisenhausen;Schwaben;Günzburg
09774127;Dürrlauingen;Schwaben;Günzburg
09774129;Ebershausen;Schwaben;Günzburg
09774133;Ellzee;Schwaben;Günzburg
09774135;Günzburg;Schwaben;Günzburg
09774136;Gundremmingen;Schwaben;Günzburg
09774140;Haldenwang;Schwaben;Günzburg
09774143;Ichenhausen;Schwaben;Günzburg
09774144;Jettingen-Scheppach;Schwaben;Günzburg
09774145;Kammeltal;Schwaben;Günzburg
09774150;Krumbach (Schwaben);Schwaben;Günzburg
09774151;Landensberg;Schwaben;Günzburg
09774160;Münsterhausen;Schwaben;Günzburg
09774162;Neuburg a.d. Kammel;Schwaben;Günzburg
09774171;Offingen;Schwaben;Günzburg
09774174;Rettenbach;Schwaben;Günzburg
09774178;Röfingen;Schwaben;Günzburg
09774189;Wiesenbach;Schwaben;Günzburg
09774191;Waldstetten;Schwaben;Günzburg
09774192;Waltenhausen;Schwaben;Günzburg
09774196;Winterbach;Schwaben;Günzburg
09775111;Altenstadt;Schwaben;Neu-Ulm
09775115;Bellenberg;Schwaben;Neu-Ulm
09775118;Buch;Schwaben;Neu-Ulm
09775129;Illertissen;Schwaben;Neu-Ulm
09775132;Kellmünz a.d. Iller;Schwaben;Neu-Ulm
09775134;Nersingen;Schwaben;Neu-Ulm
09775141;Oberroth;Schwaben;Neu-Ulm
09775142;Osterberg;Schwaben;Neu-Ulm
09775143;Pfaffenhofen a.d. Roth;Schwaben;Neu-Ulm
09775152;Senden;Schwaben;Neu-Ulm
09775161;Unterroth;Schwaben;Neu-Ulm
09775164;Weißenhorn;Schwaben;Neu-Ulm
09776114;Heimenkirch;Schwaben;Lindau
09777112;Biessenhofen;Schwaben;Ostallgäu
09777121;Buchloe;Schwaben;Ostallgäu
09777124;Eggenthal;Schwaben;Ostallgäu
09777125;Eisenberg;Schwaben;Ostallgäu
09777129;Füssen;Schwaben;Ostallgäu
09777130;Germaringen;Schwaben;Ostallgäu
09777135;Hopferau;Schwaben;Ostallgäu
09777138;Günzach;Schwaben;Ostallgäu
09777140;Jengen;Schwaben;Ostallgäu
09777141;Kaltental;Schwaben;Ostallgäu
09777144;Kraftisried;Schwaben;Ostallgäu
09777145;Lamerdingen;Schwaben;Ostallgäu
09777149;Lengenwang;Schwaben;Ostallgäu
09777151;Marktoberdorf;Schwaben;Ostallgäu
09777154;Obergünzburg;Schwaben;Ostallgäu
09777155;Oberostendorf;Schwaben;Ostallgäu
09777157;Osterzell;Schwaben;Ostallgäu
09777159;Pfronten;Schwaben;Ostallgäu
09777163;Rieden am Forggensee;Schwaben;Ostallgäu
09777164;Rieden;Schwaben;Ostallgäu
09777165;Ronsberg;Schwaben;Ostallgäu
09777167;Ruderatshofen;Schwaben;Ostallgäu
09777172;Stöttwang;Schwaben;Ostallgäu
09777175;Unterthingau;Schwaben;Ostallgäu
09777176;Untrasried;Schwaben;Ostallgäu
09777177;Waal;Schwaben;Ostallgäu
09777179;Wald;Schwaben;Ostallgäu
09777182;Westendorf;Schwaben;Ostallgäu
09777183;Rettenbach a. Auerberg;Schwaben;Ostallgäu
09778111;Amberg;Schwaben;Unterallgäu
09778113;Apfeltrach;Schwaben;Unterallgäu
09778115;Babenhausen;Schwaben;Unterallgäu
09778116;Bad Wörishofen;Schwaben;Unterallgäu
09778118;Benningen;Schwaben;Unterallgäu
09778120;Boos;Schwaben;Unterallgäu
09778121;Breitenbrunn;Schwaben;Unterallgäu
09778123;Buxheim;Schwaben;Unterallgäu
09778127;Dirlewang;Schwaben;Unterallgäu
09778130;Egg a.d. Günz;Schwaben;Unterallgäu
09778134;Eppishausen;Schwaben;Unterallgäu
09778136;Erkheim;Schwaben;Unterallgäu
09778137;Ettringen;Schwaben;Unterallgäu
09778144;Bad Grönenbach;Schwaben;Unterallgäu
09778150;Heimertingen;Schwaben;Unterallgäu
09778157;Kirchhaslach;Schwaben;Unterallgäu
09778158;Kirchheim i. Schw.;Schwaben;Unterallgäu
09778161;Kronburg;Schwaben;Unterallgäu
09778162;Lachen;Schwaben;Unterallgäu
09778163;Lauben;Schwaben;Unterallgäu
09778168;Markt Rettenbach;Schwaben;Unterallgäu
09778177;Niederrieden;Schwaben;Unterallgäu
09778183;Oberrieden;Schwaben;Unterallgäu
09778184;Oberschönegg;Schwaben;Unterallgäu
09778186;Ottobeuren;Schwaben;Unterallgäu
09778187;Pfaffenhausen;Schwaben;Unterallgäu
09778188;Pleß;Schwaben;Unterallgäu
09778190;Salgen;Schwaben;Unterallgäu
09778196;Sontheim;Schwaben;Unterallgäu
09778199;Stetten;Schwaben;Unterallgäu
09778203;Türkheim;Schwaben;Unterallgäu
09778207;Unteregg;Schwaben;Unterallgäu
09778209;Rammingen;Schwaben;Unterallgäu
09778214;Westerheim;Schwaben;Unterallgäu
09778216;Wiedergeltingen;Schwaben;Unterallgäu
09778217;Winterrieden;Schwaben;Unterallgäu
09778218;Wolfertschwenden;Schwaben;Unterallgäu
09778221;Kettershausen;Schwaben;Unterallgäu
09779111;Alerheim;Schwaben;Donau-Ries
09779112;Amerdingen;Schwaben;Donau-Ries
09779115;Asbach-Bäumenheim;Schwaben;Donau-Ries
09779117;Auhausen;Schwaben;Donau-Ries
09779126;Buchdorf;Schwaben;Donau-Ries
09779129;Daiting;Schwaben;Donau-Ries
09779130;Deiningen;Schwaben;Donau-Ries
09779131;Donauwörth;Schwaben;Donau-Ries
09779136;Ederheim;Schwaben;Donau-Ries
09779138;Ehingen a. Ries;Schwaben;Donau-Ries
09779146;Forheim;Schwaben;Donau-Ries
09779147;Fremdingen;Schwaben;Donau-Ries
09779149;Genderkingen;Schwaben;Donau-Ries
09779154;Hainsfarth;Schwaben;Donau-Ries
09779155;Harburg (Schwaben);Schwaben;Donau-Ries
09779162;Hohenaltheim;Schwaben;Donau-Ries
09779163;Holzheim;Schwaben;Donau-Ries
09779167;Huisheim;Schwaben;Donau-Ries
09779169;Kaisheim;Schwaben;Donau-Ries
09779176;Maihingen;Schwaben;Donau-Ries
09779177;Marktoffingen;Schwaben;Donau-Ries
09779178;Marxheim;Schwaben;Donau-Ries
09779180;Megesheim;Schwaben;Donau-Ries
09779184;Mönchsdeggingen;Schwaben;Donau-Ries
09779185;Möttingen;Schwaben;Donau-Ries
09779186;Monheim;Schwaben;Donau-Ries
09779187;Münster;Schwaben;Donau-Ries
09779188;Munningen;Schwaben;Donau-Ries
09779192;Niederschönenfeld;Schwaben;Donau-Ries
09779194;Nördlingen;Schwaben;Donau-Ries
09779196;Oberndorf a. Lech;Schwaben;Donau-Ries
09779197;Oettingen i. Bay.;Schwaben;Donau-Ries
09779198;Otting;Schwaben;Donau-Ries
09779201;Rain;Schwaben;Donau-Ries
09779203;Reimlingen;Schwaben;Donau-Ries
09779206;Rögling;Schwaben;Donau-Ries
09779217;Tagmersheim;Schwaben;Donau-Ries
09779218;Tapfheim;Schwaben;Donau-Ries
09779224;Wallerstein;Schwaben;Donau-Ries
09779226;Wechingen;Schwaben;Donau-Ries
09779231;Wolferstadt;Schwaben;Donau-Ries
09780112;Altusried;Schwaben;Oberallgäu
09780114;Betzigau;Schwaben;Oberallgäu
09780115;Blaichach;Schwaben;Oberallgäu
09780116;Bolsterlang;Schwaben;Oberallgäu
09780118;Burgberg i. Allgäu;Schwaben;Oberallgäu
09780119;Dietmannsried;Schwaben;Oberallgäu
09780120;Durach;Schwaben;Oberallgäu
09780121;Fischen i. Allgäu;Schwaben;Oberallgäu
09780122;Haldenwang;Schwaben;Oberallgäu
09780123;Bad Hindelang;Schwaben;Oberallgäu
09780124;Immenstadt i. Allgäu;Schwaben;Oberallgäu
09780125;Lauben;Schwaben;Oberallgäu
09780128;Oy-Mittelberg;Schwaben;Oberallgäu
09780131;Obermaiselstein;Schwaben;Oberallgäu
09780133;Oberstdorf;Schwaben;Oberallgäu
09780134;Ofterschwang;Schwaben;Oberallgäu
09780139;Sonthofen;Schwaben;Oberallgäu
09780143;Waltenhofen;Schwaben;Oberallgäu
09780144;Weitnau;Schwaben;Oberallgäu
09780145;Wertach;Schwaben;Oberallgäu
09780146;Wiggensbach;Schwaben;Oberallgäu
